INSERT INTO universitate VALUES(1,'Univ. Al. I. Cuza');

INSERT INTO facultate VALUES(101,'Facultatea de Informatica', 1);

INSERT INTO account(IdAccount, Username, Password, Tip) VALUES (1, 'sabin.buraga', 'sunt_sefu', 'P');
INSERT INTO account(IdAccount, Username, Password, Tip) VALUES (2, 'ciprian.amariei', 'parola', 'P');
INSERT INTO account(IdAccount, Username, Password, Tip) VALUES (3, 'cristian.farsianru', 'parola', 'P');
INSERT INTO account(IdAccount, Username, Password, Tip) VALUES (4, 'alex.moruz', 'parola', 'P');
INSERT INTO account(IdAccount, Username, Password, Tip) VALUES (5, 'adrian.iftene', 'parola', 'P');
INSERT INTO account(IdAccount, Username, Password, Tip) VALUES (6, 'florin.iacob', 'parola', 'P');
INSERT INTO account(IdAccount, Username, Password, Tip) VALUES (7, 'raluca.gimbuta', 'parola', 'P');
INSERT INTO account(IdAccount, Username, Password, Tip) VALUES (8, 'lucian.lazar', 'parola', 'P');
INSERT INTO account(IdAccount, Username, Password, Tip) VALUES (9, 'stefan.luchian', 'parola', 'P');
INSERT INTO account(IdAccount, Username, Password, Tip) VALUES (10, 'stefan.luchian', 'parola', 'P');

INSERT INTO account(IdAccount, Username, Password, Tip) VALUES (11, 'emilian.mitocariu', 'parola_student', 'S');
INSERT INTO account(IdAccount, Username, Password, Tip) VALUES (12, 'vlad.tacutanu', 'parola_student', 'S');
INSERT INTO account(IdAccount, Username, Password, Tip) VALUES (13, 'ovidiu.rusu', 'parola_student', 'S');
INSERT INTO account(IdAccount, Username, Password, Tip) VALUES (14, 'sorin.stoian', 'parola_student', 'S');
INSERT INTO account(IdAccount, Username, Password, Tip) VALUES (15, 'bogdan.bute', 'parola_student', 'S');
INSERT INTO account(IdAccount, Username, Password, Tip) VALUES (16, 'andrei.ariton', 'parola_student', 'S');
INSERT INTO account(IdAccount, Username, Password, Tip) VALUES (17, 'ionut.lupu', 'parola_student', 'S');
INSERT INTO account(IdAccount, Username, Password, Tip) VALUES (18, 'vasile.gheorghe', 'parola_student', 'S');

INSERT INTO profesor(IdProfesor, Nume, Prenume, Email, Titlu, IdFacultate, IdAccount) VALUES (1, 'Buraga', 'Sabin', 'sabin.buraga@info.uaic.ro', 'Conf.dr.', 101, 1);
INSERT INTO profesor(IdProfesor, Nume, Prenume, Email, Titlu, IdFacultate, IdAccount) VALUES (2, 'Amariei', 'Ciprian', 'ciprian.amariei@info.uaic.ro', 'Prof', 101, 2);
INSERT INTO profesor(IdProfesor, Nume, Prenume, Email, Titlu, IdFacultate, IdAccount) VALUES (3, 'Farsinaru', 'Cristian', 'cristian.farsianru@info.uaic.ro', 'Lect.dr.', 101, 3);
INSERT INTO profesor(IdProfesor, Nume, Prenume, Email, Titlu, IdFacultate, IdAccount) VALUES (4, 'Moruz', 'Alex', 'alex.moruz@info.uaic.ro', 'Lect.dr.', 101, 4);
INSERT INTO profesor(IdProfesor, Nume, Prenume, Email, Titlu, IdFacultate, IdAccount) VALUES (5, 'Iftene', 'Adrian', 'adrian.iftene@info.uaic.ro', 'Decan', 101, 5);
INSERT INTO profesor(IdProfesor, Nume, Prenume, Email, Titlu, IdFacultate, IdAccount) VALUES (6, 'Iacob', 'Florin', 'florin.iacob@info.uaic.ro', 'Lect.dr.', 101, 6);
INSERT INTO profesor(IdProfesor, Nume, Prenume, Email, Titlu, IdFacultate, IdAccount) VALUES (7, 'Gimbuta', 'Raluca', 'raluca.gimbuta@info.uaic.ro', 'Assist.', 101, 7);
INSERT INTO profesor(IdProfesor, Nume, Prenume, Email, Titlu, IdFacultate, IdAccount) VALUES (8, 'Lazar', 'Lucian', 'lucian.lazar@info.uaic.ro', 'Assist.', 101, 8);
INSERT INTO profesor(IdProfesor, Nume, Prenume, Email, Titlu, IdFacultate, IdAccount) VALUES (9, 'Luchian', 'Stefan', 'stefan.luchian@info.uaic.ro', 'Assist.', 101, 9);
INSERT INTO profesor(IdProfesor, Nume, Prenume, Email, Titlu, IdFacultate, IdAccount) VALUES (10, 'Alboaie', 'Lenuta', 'stefan.luchian@info.uaic.ro', 'Assist.', 101, 10);

  
  
INSERT INTO materie VALUES(1,'Algoritmi Genetici',NULL);
INSERT INTO materie VALUES(2,'Limbaje formale, automate si compilatoare',NULL);
INSERT INTO materie VALUES(3,'Retele',NULL);
INSERT INTO materie VALUES(4,'Baze de date',NULL);
INSERT INTO materie VALUES(5,'Algoritmica Grafurilor',NULL);
INSERT INTO materie VALUES(6,'Limba Engleza III',NULL);
INSERT INTO materie VALUES(7,'SGBD',NULL);
INSERT INTO materie VALUES(8,'Tehnologii Web',NULL);
INSERT INTO materie VALUES(9,'Programare Logica',NULL);
INSERT INTO materie VALUES(10,'Ingineria Programarii',NULL);
INSERT INTO materie VALUES(11,'Programare Avansata',NULL);


INSERT INTO student(IdStudent, Nume, Prenume, Email, IdFacultate, IdAccount) VALUES(1,'Mitocariu','Emilian','emilian.mitocariu@info.uaic.ro',101,11);
INSERT INTO student(IdStudent, Nume, Prenume, Email, IdFacultate, IdAccount) VALUES(2,'Tacutanu','Vlad','vlad.tacutanu@info.uaic.ro',101,12);
INSERT INTO student(IdStudent, Nume, Prenume, Email, IdFacultate, IdAccount) VALUES(3,'Rusu','Ovidiu','ovidiu.rusu@info.uaic.ro',101,13);
INSERT INTO student(IdStudent, Nume, Prenume, Email, IdFacultate, IdAccount) VALUES(4,'Stoian','Sorin','sorin.stoian@info.uaic.ro',101,14);
INSERT INTO student(IdStudent, Nume, Prenume, Email, IdFacultate, IdAccount) VALUES(5,'Bute','Bogdan','bogdan.bute@info.uaic.ro',101,15);
INSERT INTO student(IdStudent, Nume, Prenume, Email, IdFacultate, IdAccount) VALUES(6,'Ariton','Andrei','andrei.ariton@info.uaic.ro',101,16);
INSERT INTO student(IdStudent, Nume, Prenume, Email, IdFacultate, IdAccount) VALUES(7,'Lupu','Ionut','ionut.lupu@info.uaic.ro',101,17);
INSERT INTO student(IdStudent, Nume, Prenume, Email, IdFacultate, IdAccount) VALUES(8,'Gheorghe','Vasile','vasile.gheorghe@info.uaic.ro',101,18);

INSERT INTO student_materie(IdStudent, IdMaterie, StartDate, Status) VALUES(1,1,'14-FEB-15','In Curs');
INSERT INTO student_materie(IdStudent, IdMaterie, StartDate, Status) VALUES(1,2,'14-FEB-15','In Curs');
INSERT INTO student_materie(IdStudent, IdMaterie, StartDate, Status) VALUES(1,3,'14-FEB-15','In Curs');
INSERT INTO student_materie(IdStudent, IdMaterie, StartDate, Status) VALUES(1,4,'14-FEB-15','In Curs');
INSERT INTO student_materie(IdStudent, IdMaterie, StartDate, Status) VALUES(1,5,'14-FEB-15','In Curs');
INSERT INTO student_materie(IdStudent, IdMaterie, StartDate, Status) VALUES(1,6,'14-FEB-15','In Curs');
INSERT INTO student_materie(IdStudent, IdMaterie, StartDate, Status) VALUES(1,7,'14-FEB-15','In Curs');
INSERT INTO student_materie(IdStudent, IdMaterie, StartDate, Status) VALUES(1,8,'14-FEB-15','In Curs');
INSERT INTO student_materie(IdStudent, IdMaterie, StartDate, Status) VALUES(1,9,'14-FEB-15','In Curs');
INSERT INTO student_materie(IdStudent, IdMaterie, StartDate, Status) VALUES(1,10,'14-FEB-15','In Curs');
INSERT INTO student_materie(IdStudent, IdMaterie, StartDate, Status) VALUES(1,11,'14-FEB-15','In Curs');
INSERT INTO student_materie(IdStudent, IdMaterie, StartDate, Status) VALUES(2,1,'14-FEB-15','In Curs');
INSERT INTO student_materie(IdStudent, IdMaterie, StartDate, Status) VALUES(2,2,'14-FEB-15','In Curs');
INSERT INTO student_materie(IdStudent, IdMaterie, StartDate, Status) VALUES(2,3,'14-FEB-15','In Curs');
INSERT INTO student_materie(IdStudent, IdMaterie, StartDate, Status) VALUES(2,4,'14-FEB-15','In Curs');
INSERT INTO student_materie(IdStudent, IdMaterie, StartDate, Status) VALUES(2,5,'14-FEB-15','In Curs');
INSERT INTO student_materie(IdStudent, IdMaterie, StartDate, Status) VALUES(2,6,'14-FEB-15','In Curs');
INSERT INTO student_materie(IdStudent, IdMaterie, StartDate, Status) VALUES(2,7,'14-FEB-15','In Curs');
INSERT INTO student_materie(IdStudent, IdMaterie, StartDate, Status) VALUES(2,8,'14-FEB-15','In Curs');
INSERT INTO student_materie(IdStudent, IdMaterie, StartDate, Status) VALUES(2,9,'14-FEB-15','In Curs');
INSERT INTO student_materie(IdStudent, IdMaterie, StartDate, Status) VALUES(2,10,'14-FEB-15','In Curs');
INSERT INTO student_materie(IdStudent, IdMaterie, StartDate, Status) VALUES(2,11,'14-FEB-15','In Curs');
INSERT INTO student_materie(IdStudent, IdMaterie, StartDate, Status) VALUES(3,1,'14-FEB-15','In Curs');
INSERT INTO student_materie(IdStudent, IdMaterie, StartDate, Status) VALUES(3,2,'14-FEB-15','In Curs');
INSERT INTO student_materie(IdStudent, IdMaterie, StartDate, Status) VALUES(3,3,'14-FEB-15','In Curs');
INSERT INTO student_materie(IdStudent, IdMaterie, StartDate, Status) VALUES(3,4,'14-FEB-15','In Curs');
INSERT INTO student_materie(IdStudent, IdMaterie, StartDate, Status) VALUES(3,5,'14-FEB-15','In Curs');
INSERT INTO student_materie(IdStudent, IdMaterie, StartDate, Status) VALUES(3,6,'14-FEB-15','In Curs');
INSERT INTO student_materie(IdStudent, IdMaterie, StartDate, Status) VALUES(3,7,'14-FEB-15','In Curs');
INSERT INTO student_materie(IdStudent, IdMaterie, StartDate, Status) VALUES(3,8,'14-FEB-15','In Curs');
INSERT INTO student_materie(IdStudent, IdMaterie, StartDate, Status) VALUES(3,9,'14-FEB-15','In Curs');
INSERT INTO student_materie(IdStudent, IdMaterie, StartDate, Status) VALUES(3,10,'14-FEB-15','In Curs');
INSERT INTO student_materie(IdStudent, IdMaterie, StartDate, Status) VALUES(3,11,'14-FEB-15','In Curs');
INSERT INTO student_materie(IdStudent, IdMaterie, StartDate, Status) VALUES(4,1,'14-FEB-15','In Curs');
INSERT INTO student_materie(IdStudent, IdMaterie, StartDate, Status) VALUES(4,2,'14-FEB-15','In Curs');
INSERT INTO student_materie(IdStudent, IdMaterie, StartDate, Status) VALUES(4,3,'14-FEB-15','In Curs');
INSERT INTO student_materie(IdStudent, IdMaterie, StartDate, Status) VALUES(4,4,'14-FEB-15','In Curs');
INSERT INTO student_materie(IdStudent, IdMaterie, StartDate, Status) VALUES(4,5,'14-FEB-15','In Curs');
INSERT INTO student_materie(IdStudent, IdMaterie, StartDate, Status) VALUES(4,6,'14-FEB-15','In Curs');
INSERT INTO student_materie(IdStudent, IdMaterie, StartDate, Status) VALUES(4,7,'14-FEB-15','In Curs');
INSERT INTO student_materie(IdStudent, IdMaterie, StartDate, Status) VALUES(4,8,'14-FEB-15','In Curs');
INSERT INTO student_materie(IdStudent, IdMaterie, StartDate, Status) VALUES(4,9,'14-FEB-15','In Curs');
INSERT INTO student_materie(IdStudent, IdMaterie, StartDate, Status) VALUES(4,10,'14-FEB-15','In Curs');
INSERT INTO student_materie(IdStudent, IdMaterie, StartDate, Status) VALUES(4,11,'14-FEB-15','In Curs');
INSERT INTO student_materie(IdStudent, IdMaterie, StartDate, Status) VALUES(5,1,'14-FEB-15','In Curs');
INSERT INTO student_materie(IdStudent, IdMaterie, StartDate, Status) VALUES(5,2,'14-FEB-15','In Curs');
INSERT INTO student_materie(IdStudent, IdMaterie, StartDate, Status) VALUES(5,3,'14-FEB-15','In Curs');
INSERT INTO student_materie(IdStudent, IdMaterie, StartDate, Status) VALUES(5,4,'14-FEB-15','In Curs');
INSERT INTO student_materie(IdStudent, IdMaterie, StartDate, Status) VALUES(5,5,'14-FEB-15','In Curs');
INSERT INTO student_materie(IdStudent, IdMaterie, StartDate, Status) VALUES(5,6,'14-FEB-15','In Curs');
INSERT INTO student_materie(IdStudent, IdMaterie, StartDate, Status) VALUES(5,7,'14-FEB-15','In Curs');
INSERT INTO student_materie(IdStudent, IdMaterie, StartDate, Status) VALUES(5,8,'14-FEB-15','In Curs');
INSERT INTO student_materie(IdStudent, IdMaterie, StartDate, Status) VALUES(5,9,'14-FEB-15','In Curs');
INSERT INTO student_materie(IdStudent, IdMaterie, StartDate, Status) VALUES(5,10,'14-FEB-15','In Curs');
INSERT INTO student_materie(IdStudent, IdMaterie, StartDate, Status) VALUES(5,11,'14-FEB-15','In Curs');
INSERT INTO student_materie(IdStudent, IdMaterie, StartDate, Status) VALUES(6,1,'14-FEB-15','In Curs');
INSERT INTO student_materie(IdStudent, IdMaterie, StartDate, Status) VALUES(6,2,'14-FEB-15','In Curs');
INSERT INTO student_materie(IdStudent, IdMaterie, StartDate, Status) VALUES(6,3,'14-FEB-15','In Curs');
INSERT INTO student_materie(IdStudent, IdMaterie, StartDate, Status) VALUES(6,4,'14-FEB-15','In Curs');
INSERT INTO student_materie(IdStudent, IdMaterie, StartDate, Status) VALUES(6,5,'14-FEB-15','In Curs');
INSERT INTO student_materie(IdStudent, IdMaterie, StartDate, Status) VALUES(6,6,'14-FEB-15','In Curs');
INSERT INTO student_materie(IdStudent, IdMaterie, StartDate, Status) VALUES(6,7,'14-FEB-15','In Curs');
INSERT INTO student_materie(IdStudent, IdMaterie, StartDate, Status) VALUES(6,8,'14-FEB-15','In Curs');
INSERT INTO student_materie(IdStudent, IdMaterie, StartDate, Status) VALUES(6,9,'14-FEB-15','In Curs');
INSERT INTO student_materie(IdStudent, IdMaterie, StartDate, Status) VALUES(6,10,'14-FEB-15','In Curs');
INSERT INTO student_materie(IdStudent, IdMaterie, StartDate, Status) VALUES(6,11,'14-FEB-15','In Curs');
INSERT INTO student_materie(IdStudent, IdMaterie, StartDate, Status) VALUES(7,1,'14-FEB-15','In Curs');
INSERT INTO student_materie(IdStudent, IdMaterie, StartDate, Status) VALUES(7,2,'14-FEB-15','In Curs');
INSERT INTO student_materie(IdStudent, IdMaterie, StartDate, Status) VALUES(7,3,'14-FEB-15','In Curs');
INSERT INTO student_materie(IdStudent, IdMaterie, StartDate, Status) VALUES(7,4,'14-FEB-15','In Curs');
INSERT INTO student_materie(IdStudent, IdMaterie, StartDate, Status) VALUES(7,5,'14-FEB-15','In Curs');
INSERT INTO student_materie(IdStudent, IdMaterie, StartDate, Status) VALUES(7,6,'14-FEB-15','In Curs');
INSERT INTO student_materie(IdStudent, IdMaterie, StartDate, Status) VALUES(7,7,'14-FEB-15','In Curs');
INSERT INTO student_materie(IdStudent, IdMaterie, StartDate, Status) VALUES(7,8,'14-FEB-15','In Curs');
INSERT INTO student_materie(IdStudent, IdMaterie, StartDate, Status) VALUES(7,9,'14-FEB-15','In Curs');
INSERT INTO student_materie(IdStudent, IdMaterie, StartDate, Status) VALUES(7,10,'14-FEB-15','In Curs');
INSERT INTO student_materie(IdStudent, IdMaterie, StartDate, Status) VALUES(7,11,'14-FEB-15','In Curs');
INSERT INTO student_materie(IdStudent, IdMaterie, StartDate, Status) VALUES(8,1,'14-FEB-15','In Curs');
INSERT INTO student_materie(IdStudent, IdMaterie, StartDate, Status) VALUES(8,2,'14-FEB-15','In Curs');
INSERT INTO student_materie(IdStudent, IdMaterie, StartDate, Status) VALUES(8,3,'14-FEB-15','In Curs');
INSERT INTO student_materie(IdStudent, IdMaterie, StartDate, Status) VALUES(8,4,'14-FEB-15','In Curs');
INSERT INTO student_materie(IdStudent, IdMaterie, StartDate, Status) VALUES(8,5,'14-FEB-15','In Curs');
INSERT INTO student_materie(IdStudent, IdMaterie, StartDate, Status) VALUES(8,6,'14-FEB-15','In Curs');
INSERT INTO student_materie(IdStudent, IdMaterie, StartDate, Status) VALUES(8,7,'14-FEB-15','In Curs');
INSERT INTO student_materie(IdStudent, IdMaterie, StartDate, Status) VALUES(8,8,'14-FEB-15','In Curs');
INSERT INTO student_materie(IdStudent, IdMaterie, StartDate, Status) VALUES(8,9,'14-FEB-15','In Curs');
INSERT INTO student_materie(IdStudent, IdMaterie, StartDate, Status) VALUES(8,10,'14-FEB-15','In Curs');
INSERT INTO student_materie(IdStudent, IdMaterie, StartDate, Status) VALUES(8,11,'14-FEB-15','In Curs');

INSERT INTO profesor_materie(IdProfesor, IdMaterie) VALUES(9,1);
INSERT INTO profesor_materie(IdProfesor, IdMaterie) VALUES(4,2);
INSERT INTO profesor_materie(IdProfesor, IdMaterie) VALUES(10,3);
INSERT INTO profesor_materie(IdProfesor, IdMaterie) VALUES(7,4);
INSERT INTO profesor_materie(IdProfesor, IdMaterie) VALUES(6,5);
INSERT INTO profesor_materie(IdProfesor, IdMaterie) VALUES(3,6);
INSERT INTO profesor_materie(IdProfesor, IdMaterie) VALUES(8,7);
INSERT INTO profesor_materie(IdProfesor, IdMaterie) VALUES(1,8);
INSERT INTO profesor_materie(IdProfesor, IdMaterie) VALUES(2,9);
INSERT INTO profesor_materie(IdProfesor, IdMaterie) VALUES(5,10);
INSERT INTO profesor_materie(IdProfesor, IdMaterie) VALUES(3,11);